3287844137946,3,Reeves,Kenneth
4829482705865,3,Shannon,Rooney
6059177080783,3,Puckett,Eaton
8535391320118,1,Rice,Gwendolyn
4683135487199,1,Pace,Naida
1967054723775,1,Wiggins,Buffy
7134314479215,1,Chase,Maggy
2313659244696,1,Suarez,Graiden
9468769121181,3,Woodard,Rigel
7684840312413,2,Jacobs,Noah
5050009273120,3,Holloway,Ferris
9601329136580,3,Emerson,Eagan
4110769306604,1,Cote,Alvin
6294794766622,4,Dudley,Chandler
3788968500359,2,Yang,Jasper
2334466875153,3,Finch,Zahir
3058414796202,3,Casey,Brielle
4390244954361,4,Rojas,Philip
5253908292885,3,Avery,Gemma
5685174897850,1,Jones,Octavius
7441052201037,2,Tillman,Yolanda
5795198479819,1,Palmer,Dacey
2962942624248,1,Lowe,Jaquelyn
8673753992251,2,Galloway,Kellie
1528192801363,1,Harris,Francis
4777667386299,4,Mcleod,Jamal
5625588482654,3,Galloway,Avram
1507800546908,2,Woods,Rana
5795406515958,4,Martinez,Otto
3339255757007,3,Zimmerman,Ingrid
7850635600032,3,Solis,Idola
2605076430630,3,Maynard,Zenaida
4896468017356,3,Berry,Amir
9561047169021,3,Banks,Kuame
5625126708961,4,Bailey,Tanya
0519203612851,3,Roth,Quynn
1690696755461,3,Massey,Anne
0914952597883,1,Ramos,Amber
7709259373694,1,Hanson,Gillian
5150446778126,4,Conley,Ashton
8321611747803,4,Wood,Jane
6586622869893,4,Mccullough,Kieran
3962747970875,2,Beck,Vera
3342802094364,4,Howard,Laura
6418760841397,2,Caldwell,Dieter
0438516765438,3,Lynch,Dale
3904461026186,2,Mcfadden,Galena
9166463569365,1,Avila,Cooper
6744973014906,3,Hart,Phyllis
4805386300058,4,Holland,Linda
3056521636723,3,Buchanan,Helen
2239508478395,2,Chen,Elaine
0338160630482,1,Stephens,Lareina
7970371747941,4,Wiley,Lydia
7848412734581,2,Nolan,Erasmus
3513382745027,2,Everett,Faith
0016857875672,2,Pope,Grady
8257061194751,1,Oneal,Jamal
0295175089449,4,Wall,Nissim
2431806105772,4,Wright,Yoshio
9151485463271,1,York,Lois
6862246890216,4,Simmons,Gail
9702639770222,4,Combs,Ivan
3992428596035,1,Ryan,Armand
9318260184140,1,French,Dennis
5398299796366,3,Hampton,Jasper
5491549071610,4,Ayers,Quinlan
3449386731554,1,Murray,Felix
8135928133533,3,Hewitt,Kameko
0567192625298,2,Huffman,Bertha
6445020679816,4,Curry,Colleen
5476788313878,2,Cortez,Stone
8311496888796,4,Lamb,Jolie
1766225519842,3,Beck,Sylvia
7978420732359,3,Donovan,Jack
5543119985825,3,Villarreal,Cyrus
7195204438873,1,Browning,Leila
3645276653239,4,Pacheco,Francesca
1193266947504,2,Wong,Chanda
4615340246033,3,Small,Martina
2226215493808,2,Byrd,Wanda
2099155534397,4,Hansen,Clarke
3420748652869,1,Savage,Dominique
6164205887468,1,Cooper,Prescott
2425472190844,1,Woodward,Zachary
9625119425258,4,Logan,Addison
0207396557111,3,Herman,Farrah
5419832205985,2,Blair,Geraldine
2929233865619,4,Rosa,Otto
8214974559338,3,Gutierrez,Herrod
2859598563543,3,Meyers,Christopher
8386769933992,2,Stuart,Kai
8611755690140,3,Mcclain,Whitney
2664084894948,4,Rasmussen,Patricia
1472745775247,4,Garner,Ursula
7104638192318,1,Dickson,Hiroko
0711805701706,2,Coleman,Steel
4776424649339,2,Pugh,Thaddeus
9889350920716,4,Moran,Lars
0319842535510,4,Ruiz,Devin
